name,startTime,endTime,blockUUID,invocationId,ServiceVersion
WorkflowPerFileWithRef8102,12,13,CBD9EECB-7769-20D0-A14D-713C0D49D2CC,8102,WorkflowPerFileWithRef__4308__2
GetFileReferences8103,11,13,1BD6B40B-9F6E-D2B9-0A70-482BFB6018F3,8103,GetFileReferences__4249__2
GetReferenceInfo8101,2,4,F22D0271-6753-D3F9-24C3-9382280CC27A,8101,GetReferenceInfo__4940__7
ImportDirectory8106,284,808,D76D8720-141B-CBA0-39D7-A04C702540B2,8106,ImportDirectory__4148__3
PrepareLibrary8107,2928,3231,819DE166-B6DA-A360-5D8B-9EB9C2F2B6ED,8107,PrepareLibrary__4153__4
PrepareLibrary8106,2143,3231,819DE166-B6DA-A360-5D8B-9EB9C2F2B6ED,8106,PrepareLibrary__4153__4
GenerateRGData8101,5,6,3D9FC1A7-37FE-CC14-870C-21B74C5BE434,8101,GenerateRGData__5899__7
GZip8104,619,2125,5BC0C73E-9C76-CA2D-AD37-E03A75570EDB,8104,GZip__5898__3
GZip8106,809,2143,5BC0C73E-9C76-CA2D-AD37-E03A75570EDB,8106,GZip__5898__3
WorkflowPerFileWithRef8103,13,14,CBD9EECB-7769-20D0-A14D-713C0D49D2CC,8103,WorkflowPerFileWithRef__4308__2
PrepareLibrary8104,2125,2934,819DE166-B6DA-A360-5D8B-9EB9C2F2B6ED,8104,PrepareLibrary__4153__4
GZip8105,611,2119,5BC0C73E-9C76-CA2D-AD37-E03A75570EDB,8105,GZip__5898__3
GetFileReferences8101,0,1,E9242A20-1BEF-B439-3A2C-D35ED7ABF448,8101,GetFileReferences__4249__2
GZip8107,1427,2928,5BC0C73E-9C76-CA2D-AD37-E03A75570EDB,8107,GZip__5898__3
PrepareLibrary8105,2120,2934,819DE166-B6DA-A360-5D8B-9EB9C2F2B6ED,8105,PrepareLibrary__4153__4
ImportDirectory8105,16,610,D76D8720-141B-CBA0-39D7-A04C702540B2,8105,ImportDirectory__4148__3
GetFileReferences8102,11,12,1BD6B40B-9F6E-D2B9-0A70-482BFB6018F3,8102,GetFileReferences__4249__2
ImportDirectory8107,808,1427,D76D8720-141B-CBA0-39D7-A04C702540B2,8107,ImportDirectory__4148__3
ImportDirectory8104,15,619,D76D8720-141B-CBA0-39D7-A04C702540B2,8104,ImportDirectory__4148__3
WorkflowPerFileWithRef8101,7,9,742DA846-3A45-375C-B913-8F1BDDFB8F1A,8101,WorkflowPerFileWithRef__4308__2